agency_name,state,district,city,public_address,phone,email,website,languages,agency_type,verified,verification_source,source_url,last_verified,status
"ABC Adoption Support Trust","Tamil Nadu","Madurai","Madurai","45 West Veli Street, Madurai - 625001","+91 9443123456","trust.abc@smartadoption.org","https://cara.wcd.gov.in","Tamil, English","Specialized Adoption Agency (SAA)",true,"Central Adoption Resource Authority (CARA)","https://cara.wcd.gov.in","2026-09-15T10:00:00Z","ACTIVE"
"Hope Adoption & Family Care Center","Tamil Nadu","Chennai","Chennai","12 Anna Salai, Guindy, Chennai - 600032","+91 9444987654","trust.hope@smartadoption.org","https://sara.tn.gov.in","Tamil, English","Specialized Adoption Agency (SAA)",true,"State Adoption Resource Agency (SARA)","https://sara.tn.gov.in","2026-08-20T10:00:00Z","ACTIVE"
"Coimbatore Family Welfare & Adoption Trust","Tamil Nadu","Coimbatore","Coimbatore","78 Avinashi Road, Peelamedu, Coimbatore - 641004","+91 9422334455","trust.family@smartadoption.org","https://sara.tn.gov.in","Tamil, English","Specialized Adoption Agency (SAA)",true,"State Adoption Resource Agency (SARA)","https://sara.tn.gov.in","2026-07-10T10:00:00Z","ACTIVE"
"Sunshine Child Care Institution","Tamil Nadu","Tiruchirappalli","Trichy","14 Cantonment Main Road, Trichy - 620001","+91 9411223344","trust.sunshine@smartadoption.org","https://sara.tn.gov.in","English","Specialized Adoption Agency (SAA)",false,"District Child Protection Unit (DCPU)","https://sara.tn.gov.in","","PENDING_REVIEW"
"Maharashtra Child Adoption Society","Maharashtra","Mumbai","Mumbai","102 SV Road, Bandra West, Mumbai - 400050","+91 9820011223","contact@mahachildadoption.org","https://cara.wcd.gov.in","Marathi, Hindi, English","Specialized Adoption Agency (SAA)",true,"Central Adoption Resource Authority (CARA)","https://cara.wcd.gov.in","2026-09-01T10:00:00Z","ACTIVE"
"Pune Family Support & Adoption Center","Maharashtra","Pune","Pune","88 FC Road, Shivajinagar, Pune - 411005","+91 9822055667","info@puneadoption.org","https://cara.wcd.gov.in","Marathi, Hindi, English","Specialized Adoption Agency (SAA)",true,"State Adoption Resource Agency (SARA)","https://cara.wcd.gov.in","2026-08-05T10:00:00Z","ACTIVE"
"Karnataka Adoption Support Foundation","Karnataka","Bengaluru","Bengaluru","23 MG Road, Indiranagar, Bengaluru - 560038","+91 9845099887","support@karnatakaadoption.org","https://cara.wcd.gov.in","Kannada, English","Specialized Adoption Agency (SAA)",true,"Central Adoption Resource Authority (CARA)","https://cara.wcd.gov.in","2026-09-10T10:00:00Z","ACTIVE"
"Delhi Child Welfare & Adoption Agency","Delhi","Central Delhi","New Delhi","15 Rajendra Place, Pusa Road, New Delhi - 110008","+91 9810033445","delhi.adoption@wcd.delhi.gov.in","https://wcd.delhi.gov.in","Hindi, English","Specialized Adoption Agency (SAA)",true,"Central Adoption Resource Authority (CARA)","https://cara.wcd.gov.in","2026-09-22T10:00:00Z","ACTIVE"
"Kerala Adoption Resource Center","Kerala","Ernakulam","Kochi","56 MG Road, Ernakulam, Kochi - 682016","+91 9447012345","kochi@keralaadoption.org","https://cara.wcd.gov.in","Malayalam, English","Specialized Adoption Agency (SAA)",true,"State Adoption Resource Agency (SARA)","https://cara.wcd.gov.in","2026-06-15T10:00:00Z","ACTIVE"
"West Bengal Child Rights & Adoption Society","West Bengal","Kolkata","Kolkata","12 Park Street, Chowringhee, Kolkata - 700071","+91 9830067890","info@wb adoption.org","https://cara.wcd.gov.in","Bengali, English","Specialized Adoption Agency (SAA)",true,"Central Adoption Resource Authority (CARA)","https://cara.wcd.gov.in","2026-04-10T10:00:00Z","ACTIVE"
"Telangana Child Protection & Adoption Bureau","Telangana","Hyderabad","Hyderabad","34 Banjara Hills Road No 12, Hyderabad - 500034","+91 9849011223","contact@telanganaadoption.gov.in","https://cara.wcd.gov.in","Telugu, English","Specialized Adoption Agency (SAA)",true,"State Adoption Resource Agency (SARA)","https://cara.wcd.gov.in","2026-09-18T10:00:00Z","ACTIVE"
"Gujarat Adoption Support Agency","Gujarat","Ahmedabad","Ahmedabad","99 Ashram Road, Navrangpura, Ahmedabad - 380009","+91 9898077665","info@gujaratchildwelfare.org","https://cara.wcd.gov.in","Gujarati, Hindi, English","Specialized Adoption Agency (SAA)",true,"Central Adoption Resource Authority (CARA)","https://cara.wcd.gov.in","2026-09-05T10:00:00Z","ACTIVE"
